{"count":1,"gauges":{},"self":6.9245136,"total":7.303896,"children":{"AgentResetIfDone":{"count":358,"self":0.00402,"total":0.00402,"children":null},"AgentSendState":{"count":358,"self":0.0059863,"total":0.0119031,"children":{"CollectObservations":{"count":358,"self":0.0059168,"total":0.0059168,"children":null}}},"DecideAction":{"count":358,"self":0.360448,"total":0.360448,"children":null},"AcademyStep":{"count":358,"self":0.0010164,"total":0.0010164,"children":null},"AgentAct":{"count":358,"self":0.00099779999999999986,"total":0.00099779999999999986,"children":null}}}