{"count":1,"gauges":{},"self":114.9662592,"total":119.0216674,"children":{"AgentResetIfDone":{"count":5555,"self":0.0337639,"total":0.0337639,"children":null},"AgentSendState":{"count":5555,"self":0.0944901,"total":0.20695909999999998,"children":{"CollectObservations":{"count":5555,"self":0.112469,"total":0.112469,"children":null}}},"DecideAction":{"count":5555,"self":3.7873455999999996,"total":3.7873457,"children":null},"AcademyStep":{"count":5555,"self":0.0050846,"total":0.0050846,"children":null},"AgentAct":{"count":5555,"self":0.022251399999999998,"total":0.022251399999999998,"children":null}}}