{"cameraMode":{"drawMode":0,"name":"Shaded","section":"Shading Mode"},"sceneLighting":false,"audioPlay":false,"sceneViewState":{"showFog":true,"showMaterialUpdate":false,"showSkybox":false,"showFlares":true,"showImageEffects":true,"showParticleSystems":true},"in2DMode":false,"pivot":{"x":-1.1920928955078126e-7,"y":-0.4620000123977661,"z":-0.0621258020401001},"rotation":{"x":0.218862846493721,"y":0.27793070673942568,"z":-0.06519410759210587,"w":0.9330688118934631},"size":1.00068199634552,"orthographic":true}