{"cameraMode":{"drawMode":0,"name":"Shaded","section":"Shading Mode"},"sceneLighting":true,"audioPlay":false,"sceneViewState":{"showFog":true,"showMaterialUpdate":false,"showSkybox":true,"showFlares":true,"showImageEffects":true,"showParticleSystems":true},"in2DMode":false,"pivot":{"x":19.029813766479493,"y":1.005155086517334,"z":8.165868759155274},"rotation":{"x":0.07369128614664078,"y":-0.30208173394203188,"z":0.023417828604578973,"w":0.9501734972000122},"size":0.4993181824684143,"orthographic":false}